{"cameraMode":{"drawMode":0,"name":"Shaded","section":"Shading Mode"},"sceneLighting":true,"audioPlay":false,"sceneViewState":{"m_AlwaysRefresh":false,"showFog":true,"showSkybox":true,"showFlares":true,"showImageEffects":true,"showParticleSystems":true,"showVisualEffectGraphs":true,"m_FxEnabled":false},"in2DMode":false,"pivot":{"x":-0.24955129623413087,"y":1.4969924688339234,"z":-0.5163378715515137},"rotation":{"x":-0.04387715831398964,"y":0.9224130511283875,"z":-0.1101100891828537,"w":-0.3675669729709625},"size":3.5947816371917726,"orthographic":false}