{"cameraMode":{"drawMode":0,"name":"Shaded","section":"Shading Mode"},"sceneLighting":true,"audioPlay":false,"sceneViewState":{"m_AlwaysRefresh":false,"showFog":true,"showSkybox":true,"showFlares":true,"showImageEffects":true,"showParticleSystems":true,"showVisualEffectGraphs":true,"m_FxEnabled":true},"in2DMode":false,"pivot":{"x":-1.4934979677200318,"y":2.632371187210083,"z":-0.7306913733482361},"rotation":{"x":-0.18225884437561036,"y":0.016809659078717233,"z":-0.0031162926461547615,"w":-0.9831053018569946},"size":5.459765911102295,"orthographic":false}