{"cameraMode":{"drawMode":0,"name":"Shaded","section":"Shading Mode"},"sceneLighting":true,"audioPlay":false,"sceneViewState":{"m_AlwaysRefresh":false,"showFog":true,"showSkybox":true,"showFlares":true,"showImageEffects":true,"showParticleSystems":true,"showVisualEffectGraphs":true,"m_FxEnabled":false},"in2DMode":false,"pivot":{"x":-0.15564388036727906,"y":1.9417834281921387,"z":2.8320157527923586},"rotation":{"x":-0.08271404355764389,"y":-0.0068794842809438709,"z":0.0005691840196959674,"w":-0.9965649843215942},"size":3.9598228931427,"orthographic":false}