{"cameraMode":{"drawMode":0,"name":"Shaded","section":"Shading Mode"},"sceneLighting":false,"audioPlay":false,"sceneViewState":{"m_AlwaysRefresh":false,"showFog":true,"showSkybox":false,"showFlares":true,"showImageEffects":true,"showParticleSystems":true,"showVisualEffectGraphs":true,"m_FxEnabled":false},"in2DMode":false,"pivot":{"x":-0.002449411666020751,"y":2.309541702270508,"z":-0.8130975961685181},"rotation":{"x":-0.1748708039522171,"y":-0.020087452605366708,"z":0.003566897474229336,"w":-0.9843930602073669},"size":0.691201388835907,"orthographic":false}