{"cameraMode":{"drawMode":0,"name":"Shaded","section":"Shading Mode"},"sceneLighting":false,"audioPlay":false,"sceneViewState":{"m_AlwaysRefresh":false,"showFog":true,"showSkybox":false,"showFlares":true,"showImageEffects":true,"showParticleSystems":true,"showVisualEffectGraphs":true,"m_FxEnabled":false},"in2DMode":false,"pivot":{"x":-0.017226215451955797,"y":1.9458013772964478,"z":0.13459977507591248},"rotation":{"x":-0.2593603730201721,"y":-0.055884432047605517,"z":0.01503478642553091,"w":-0.9640493988990784},"size":1.3643202781677247,"orthographic":false}